Nonterminal,(,),",",=,EOF,EOL,FLOAT_LITERAL,IDENTIFIER,INT_LITERAL,Ifj,Null,OP_DIVISION,OP_EQUAL,OP_GREATHER_THAN,OP_GREATHER_THAN_EQL,OP_IS,OP_LESS_THAN,OP_LESS_THAN_EQL,OP_MINUS,OP_MULTIPLY,OP_NOT_EQUAL,OP_PLUS,STRING_LITERAL,class,else,for,if,import,main,return,static,var,while,{,}
arg_list,32,31,,,,,32,32,32,,32,,,,,,,,,,,,32,,,,,,,,,,,,
arg_list_tail,,33,34,,,,,,,,,,,,,,,,,,,,,,,,,,,,,,,,
assign,,,,,,,,24,,,,,,,,,,,,,,,,,,,,,,,,,,,
block,,,,,,,,,,,,,,,,,,,,,,,,,,,,,,,,,,13,
eols,,,,,55,56,,,,,,,,,,,,,,,,,,,,,,,,,,,,,55
expr,35,,,,,,35,35,35,,35,,,,,,,,,,,,35,,,,,,,,,,,,
expr_cont,,36,36,,,36,,,,,,37,37,37,37,37,37,37,37,37,37,37,,,,,,,,,,,,,
func,,,,,,,,,,,,,,,,,,,,,,,,,,,,,,,6,,,,
func_call,,,,,,,,29,,,,,,,,,,,,,,,,,,,,,,,,,,,
func_list,,,,,,,,,,,,,,,,,,,,,,,,,,,,,,,5,,,,4
if_stmt,,,,,,,,,,,,,,,,,,,,,,,,,,,26,,,,,,,,
main_func,,,,,,,,,,,,,,,,,,,,,,,,,,,,,,,3,,,,
op,,,,,,,,,,,,47,48,52,53,54,50,51,45,46,49,44,,,,,,,,,,,,,
param_list,,9,,,,,,10,,,,,,,,,,,,,,,,,,,,,,,,,,,
param_list_tail,,11,12,,,,,,,,,,,,,,,,,,,,,,,,,,,,,,,,
program,,,,,,,,,,,,,,,,,,,,,,,,2,,,,,,,,,,,
prolog,,,,,,,,,,,,,,,,,,,,,,,,,,,,1,,,,,,,
return_stmt,,,,,,,,,,,,,,,,,,,,,,,,,,,,,,28,,,,,
stmt,,,,,,,,17,,,,,,,,,,,,,,,,,,,18,,,20,,16,19,,
stmt_list,,,,,,,,15,,,,,,,,,,,,,,,,,,,15,,,15,,15,15,,14
term,43,,,,,,40,38,39,,42,,,,,,,,,,,,41,,,,,,,,,,,,
var_decl,,,,,,,,,,,,,,,,,,,,,,,,,,,,,,,,23,,,
while_stmt,,,,,,,,,,,,,,,,,,,,,,,,,,,,,,,,,27,,
